{
  "project_info": {
    "project_number": "871215125336",
    "project_id": "trakit-d677e",
    "storage_bucket": "trakit-d677e.firebasestorage.app"
  },
  "client": [
    {
      "client_info": {
        "mobilesdk_app_id": "1:871215125336:android:764b3d9676dba6ffc50b2d",
        "android_client_info": {
          "package_name": "com.example.trakit"
        }
      },
      "oauth_client": [
        {
          "client_id": "871215125336-3ah5i7f6chpjt8vi69c0v0qve2di67sf.apps.googleusercontent.com",
          "client_type": 1,
          "android_info": {
            "package_name": "com.example.trakit",
            "certificate_hash": "9991c8f4b1425345d0f9e794e6376f8c372dc977"
          }
        },
        {
          "client_id": "871215125336-cugvfbqd832l7ch3fa2pshlcsgm1tasl.apps.googleusercontent.com",
          "client_type": 3
        }
      ],
      "api_key": [
        {
          "current_key": "AIzaSyB0q7XbImfdD49USJpzRjZSKy17AyqD7kY"
        }
      ],
      "services": {
        "appinvite_service": {
          "other_platform_oauth_client": [
            {
              "client_id": "871215125336-cugvfbqd832l7ch3fa2pshlcsgm1tasl.apps.googleusercontent.com",
              "client_type": 3
            },
            {
              "client_id": "871215125336-b32gjevfqgiis1157dml2erg46ad1gj5.apps.googleusercontent.com",
              "client_type": 2,
              "ios_info": {
                "bundle_id": "com.example.trakit"
              }
            }
          ]
        }
      }
    }
  ],
  "configuration_version": "1"
}